신인천,05:45:30
신인천,06:29:00
신인천,07:18:00
신인천,06:54:00
신인천,07:29:00
신인천,08:02:00
신인천,07:46:30
신인천,08:17:00
신인천,08:30:30
신인천,08:48:00
신인천,09:00:30
신인천,09:18:00
신인천,09:38:00
신인천,10:08:00
신인천,10:20:00
신인천,10:49:30
신인천,11:02:00
신인천,11:35:00
신인천,11:57:00
신인천,12:28:00
신인천,12:40:30
신인천,13:12:00
신인천,13:24:00
신인천,13:53:00
신인천,14:13:00
신인천,14:37:00
신인천,14:55:00
신인천,15:32:00
신인천,15:43:00
신인천,16:08:00
신인천,16:27:00
신인천,16:53:00
신인천,17:10:00
신인천,17:46:00
신인천,17:57:00
신인천,18:27:00
신인천,18:42:00
신인천,18:56:00
신인천,19:10:00
신인천,19:23:00
신인천,19:48:00
신인천,19:59:30
신인천,20:31:30
신인천,21:08:00
신인천,21:30:00
신인천,21:54:00
신인천,22:17:00
신인천,22:36:00
신인천,23:05:00
신인천,23:23:00
오이도,23:40:00
오이도,00:06:00
