왕십리,05:54:30
왕십리,06:17:30
왕십리,06:46:30
왕십리,07:03:00
왕십리,07:20:00
왕십리,07:33:00
왕십리,07:50:00
왕십리,08:02:00
왕십리,08:14:00
청량리,08:34:00
왕십리,08:49:00
왕십리,09:05:00
왕십리,09:17:00
청량리,09:47:00
왕십리,10:04:00
청량리,10:29:00
왕십리,10:48:00
왕십리,11:14:00
왕십리,11:32:00
왕십리,12:00:00
왕십리,12:20:00
왕십리,12:45:00
왕십리,13:03:00
왕십리,13:29:00
청량리,13:47:00
왕십리,14:14:00
왕십리,14:33:00
왕십리,15:04:00
왕십리,15:19:00
왕십리,15:49:00
왕십리,16:01:00
왕십리,16:37:00
왕십리,16:51:00
왕십리,17:16:00
왕십리,17:30:00
왕십리,18:06:00
왕십리,18:20:00
왕십리,18:34:00
왕십리,18:48:00
왕십리,19:03:00
왕십리,19:19:00
왕십리,19:36:00
왕십리,20:02:00
왕십리,20:19:00
왕십리,20:51:00
왕십리,21:17:00
죽전,21:46:00
왕십리,22:00:00
왕십리,22:21:00
죽전,22:53:00
죽전,23:20:00
고색,23:50:00
