오이도,05:58:00
오이도,06:15:00
오이도,06:33:00
오이도,06:50:00
오이도,07:06:30
오이도,07:18:30
오이도,07:30:30
안산,07:42:30
오이도,07:54:30
오이도,08:06:30
오이도,08:18:30
오이도,08:30:30
오이도,08:36:30
오이도,08:48:30
안산,08:54:30
오이도,09:01:30
오이도,09:12:30
오이도,09:24:30
오이도,09:36:30
오이도,09:48:30
오이도,10:00:30
오이도,10:12:30
오이도,10:24:30
오이도,10:36:30
오이도,10:48:30
안산,11:00:30
오이도,11:06:30
오이도,11:18:30
오이도,11:30:30
오이도,11:42:30
오이도,11:54:30
오이도,12:06:30
오이도,12:18:30
오이도,12:30:30
오이도,12:42:30
오이도,12:54:30
오이도,13:06:30
오이도,13:11:30
안산,13:19:30
오이도,13:27:30
오이도,13:36:30
오이도,13:46:30
오이도,13:56:30
안산,14:01:30
오이도,14:11:30
오이도,14:19:30
오이도,14:27:30
오이도,14:36:30
오이도,14:46:30
오이도,14:51:30
오이도,15:01:30
안산,15:11:30
오이도,15:16:30
안산,15:24:30
오이도,15:32:30
오이도,15:41:30
오이도,15:51:30
안산,16:01:30
오이도,16:06:30
오이도,16:16:30
오이도,16:24:30
안산,16:32:30
오이도,16:41:30
오이도,16:51:30
안산,16:56:30
오이도,17:06:30
안산,17:16:30
오이도,17:21:30
안산,17:29:30
오이도,17:37:30
오이도,17:46:30
오이도,17:56:30
오이도,18:06:30
오이도,18:11:30
오이도,18:21:30
오이도,18:31:30
오이도,18:36:30
오이도,18:46:30
오이도,18:56:30
오이도,19:01:30
오이도,19:12:30
오이도,19:24:30
오이도,19:36:30
오이도,19:43:30
오이도,19:54:30
오이도,20:05:30
오이도,20:15:30
오이도,20:20:30
오이도,20:30:30
오이도,20:42:30
오이도,20:54:30
오이도,21:04:30
안산,21:09:30
오이도,21:19:30
오이도,21:29:30
오이도,21:34:30
오이도,21:44:30
오이도,21:49:30
오이도,22:00:30
오이도,22:12:30
오이도,22:24:30
오이도,22:36:30
오이도,22:48:30
오이도,23:00:30
오이도,23:12:30
안산,23:22:30
오이도,23:29:30
오이도,23:45:30
안산,23:58:30
안산,00:21:30
