당고개,05:30:00
당고개,05:37:00
당고개,05:49:00
당고개,06:01:00
당고개,06:13:00
당고개,06:25:00
당고개,06:37:00
당고개,06:49:00
당고개,07:01:00
당고개,07:13:00
당고개,07:17:30
당고개,07:25:00
당고개,07:37:00
당고개,07:43:00
당고개,07:55:00
당고개,08:07:00
당고개,08:19:00
당고개,08:34:00
당고개,08:29:00
당고개,08:44:00
당고개,08:55:00
당고개,09:07:00
당고개,09:19:00
당고개,09:31:00
당고개,09:43:00
당고개,09:48:00
당고개,10:00:00
당고개,10:12:00
당고개,10:24:00
당고개,10:33:00
당고개,10:40:00
당고개,10:49:00
당고개,10:59:00
당고개,11:04:00
당고개,11:14:00
당고개,11:24:00
당고개,11:29:00
당고개,11:39:00
당고개,11:47:30
당고개,11:54:00
당고개,12:02:00
당고개,12:10:00
당고개,12:19:00
당고개,12:29:00
당고개,12:39:00
당고개,12:44:00
당고개,12:54:00
당고개,13:02:00
당고개,13:10:00
당고개,13:19:00
당고개,13:29:00
당고개,13:34:00
당고개,13:44:00
당고개,13:54:00
당고개,13:59:00
당고개,14:07:00
당고개,14:15:00
당고개,14:24:00
당고개,14:34:00
당고개,14:44:00
당고개,14:49:00
당고개,14:59:00
당고개,15:07:00
당고개,15:15:00
당고개,15:24:00
당고개,15:33:00
당고개,15:40:00
당고개,15:49:00
당고개,16:04:00
당고개,15:59:00
당고개,16:13:00
당고개,16:20:00
당고개,16:29:00
당고개,16:39:00
당고개,16:47:30
당고개,16:54:00
당고개,17:09:00
당고개,17:04:00
당고개,17:20:00
당고개,17:31:00
당고개,17:41:00
당고개,17:46:00
당고개,17:56:00
당고개,18:08:00
당고개,18:20:00
당고개,18:26:00
당고개,18:38:00
당고개,18:50:00
당고개,19:02:00
당고개,19:14:00
당고개,19:26:00
당고개,19:38:00
당고개,19:50:00
당고개,20:01:00
당고개,20:09:00
당고개,20:20:00
당고개,20:32:00
당고개,20:44:00
당고개,20:56:00
당고개,21:08:00
당고개,21:20:00
당고개,21:32:00
당고개,21:44:00
당고개,22:00:00
당고개,22:16:00
노원,22:32:00
한성대,22:48:00
금정,23:00:00
사당,23:18:00
금정,23:43:00
