신인천,05:48:30
신인천,06:20:00
신인천,07:03:00
신인천,07:39:00
신인천,08:12:00
신인천,08:42:00
신인천,09:09:00
신인천,09:42:00
신인천,10:09:00
신인천,10:42:00
신인천,11:12:00
신인천,11:39:00
신인천,12:12:00
신인천,12:39:00
신인천,13:16:00
신인천,13:43:00
신인천,14:08:00
신인천,14:42:00
신인천,15:08:00
신인천,15:38:00
신인천,16:12:00
신인천,16:47:00
신인천,17:13:00
신인천,17:42:00
신인천,18:16:00
신인천,18:42:00
신인천,19:08:30
신인천,19:40:00
신인천,20:12:00
신인천,20:39:00
신인천,21:14:00
신인천,21:41:00
신인천,22:29:00
신인천,22:56:00
신인천,23:26:00
오이도,23:50:00
