왕십리,05:56:30
왕십리,06:19:00
왕십리,06:53:00
왕십리,07:21:00
왕십리,07:49:00
왕십리,08:23:00
왕십리,08:51:00
왕십리,09:23:00
왕십리,09:52:00
왕십리,10:19:00
왕십리,10:53:00
왕십리,11:18:00
왕십리,11:50:30
왕십리,12:23:00
왕십리,12:49:00
왕십리,13:22:30
왕십리,13:49:00
왕십리,14:19:00
왕십리,14:53:00
왕십리,15:19:00
왕십리,15:52:00
왕십리,16:24:00
왕십리,16:50:30
왕십리,17:16:00
왕십리,17:50:00
왕십리,18:16:00
왕십리,18:46:00
왕십리,19:19:00
왕십리,19:46:00
왕십리,20:24:00
왕십리,20:49:00
왕십리,21:24:00
왕십리,22:09:00
왕십리,22:39:00
죽전,23:14:00
고색,23:49:00
