오이도,06:01:00
오이도,06:17:00
오이도,06:32:30
오이도,06:49:00
오이도,07:01:30
오이도,07:12:30
오이도,07:21:30
오이도,07:32:30
오이도,07:41:30
오이도,07:49:30
오이도,07:57:30
안산,08:05:30
오이도,08:13:30
오이도,08:20:30
안산,08:26:30
오이도,08:33:30
오이도,08:38:30
오이도,08:44:30
오이도,08:51:30
안산,08:57:30
오이도,09:04:30
오이도,09:08:30
안산,09:14:30
오이도,09:21:30
오이도,09:26:30
안산,09:34:30
오이도,09:44:30
오이도,09:51:30
오이도,09:58:30
오이도,10:04:30
안산,10:11:30
오이도,10:16:30
오이도,10:23:30
안산,10:29:30
오이도,10:35:00
오이도,10:45:30
오이도,10:55:30
오이도,11:05:30
안산,11:09:30
오이도,11:18:30
오이도,11:28:30
오이도,11:38:30
오이도,11:49:30
오이도,12:00:30
오이도,12:11:30
오이도,12:22:30
오이도,12:33:30
오이도,12:44:30
오이도,12:51:30
오이도,13:03:30
오이도,13:15:30
안산,13:27:30
오이도,13:34:30
오이도,13:45:30
오이도,13:56:30
오이도,14:07:30
오이도,14:18:00
오이도,14:29:30
오이도,14:40:30
오이도,14:50:30
오이도,14:58:30
오이도,15:09:30
오이도,15:19:30
오이도,15:27:30
오이도,15:37:30
오이도,15:48:30
오이도,16:02:30
오이도,16:13:30
오이도,16:22:30
오이도,16:33:30
오이도,16:44:30
오이도,16:56:30
오이도,17:02:30
오이도,17:15:30
오이도,17:26:30
오이도,17:31:30
오이도,17:41:30
오이도,17:51:30
오이도,18:05:30
오이도,18:15:00
오이도,18:23:30
오이도,18:30:30
오이도,18:37:30
오이도,18:45:00
오이도,18:52:00
오이도,18:59:30
오이도,19:06:30
오이도,19:13:00
오이도,19:19:30
오이도,19:29:30
안산,19:26:30
오이도,19:35:30
오이도,19:41:30
안산,19:54:30
오이도,19:52:00
오이도,20:03:00
오이도,20:09:30
안산,20:13:30
오이도,20:20:30
오이도,20:27:30
오이도,20:34:30
오이도,20:42:30
오이도,20:50:30
오이도,20:58:30
오이도,21:03:00
오이도,21:17:00
오이도,21:24:30
오이도,21:33:30
안산,21:40:30
안산,21:46:30
오이도,21:50:00
오이도,22:00:30
안산,22:11:30
오이도,22:20:30
안산,22:25:30
안산,22:31:30
오이도,22:39:30
안산,22:48:30
오이도,22:55:30
오이도,23:08:30
안산,23:17:30
오이도,23:36:00
오이도,23:48:30
안산,23:56:30
안산,00:12:00
